{
  "(NOM) SIGNE": {
    "precision": 1.0,
    "recall": 1.0,
    "f1-score": 1.0,
    "support": 13.0
  },
  "ACCIDENT": {
    "precision": 0.47058823529411764,
    "recall": 0.8888888888888888,
    "f1-score": 0.6153846153846154,
    "support": 9.0
  },
  "ACCIDENT DE VOITURE": {
    "precision": 0.0,
    "recall": 0.0,
    "f1-score": 0.0,
    "support": 0.0
  },
  "APPELER": {
    "precision": 0.9534883720930233,
    "recall": 0.7884615384615384,
    "f1-score": 0.8631578947368421,
    "support": 52.0
  },
  "BAGARRE": {
    "precision": 0.0,
    "recall": 0.0,
    "f1-score": 0.0,
    "support": 9.0
  },
  "BIEN": {
    "precision": 0.8571428571428571,
    "recall": 0.5454545454545454,
    "f1-score": 0.6666666666666666,
    "support": 11.0
  },
  "BLANC": {
    "precision": 0.0,
    "recall": 0.0,
    "f1-score": 0.0,
    "support": 0.0
  },
  "BLEU": {
    "precision": 0.7931034482758621,
    "recall": 0.48936170212765956,
    "f1-score": 0.6052631578947368,
    "support": 47.0
  },
  "CADEAU": {
    "precision": 0.7857142857142857,
    "recall": 1.0,
    "f1-score": 0.88,
    "support": 11.0
  },
  "CHAISE": {
    "precision": 0.8333333333333334,
    "recall": 0.4166666666666667,
    "f1-score": 0.5555555555555556,
    "support": 12.0
  },
  "COMIQUE": {
    "precision": 0.6363636363636364,
    "recall": 0.875,
    "f1-score": 0.7368421052631579,
    "support": 8.0
  },
  "COMMENT": {
    "precision": 0.8214285714285714,
    "recall": 0.4791666666666667,
    "f1-score": 0.6052631578947368,
    "support": 48.0
  },
  "CONCENTRE-TOI": {
    "precision": 0.7142857142857143,
    "recall": 1.0,
    "f1-score": 0.8333333333333334,
    "support": 10.0
  },
  "CRAYON": {
    "precision": 0.8571428571428571,
    "recall": 0.5454545454545454,
    "f1-score": 0.6666666666666666,
    "support": 11.0
  },
  "DIFFICILE": {
    "precision": 0.0,
    "recall": 0.0,
    "f1-score": 0.0,
    "support": 9.0
  },
  "DORMIR": {
    "precision": 0.2727272727272727,
    "recall": 0.5,
    "f1-score": 0.35294117647058826,
    "support": 12.0
  },
  "DUR": {
    "precision": 0.7560975609756098,
    "recall": 0.62,
    "f1-score": 0.6813186813186813,
    "support": 50.0
  },
  "D\u00c9SOL\u00c9": {
    "precision": 1.0,
    "recall": 0.9,
    "f1-score": 0.9473684210526315,
    "support": 10.0
  },
  "EAU": {
    "precision": 0.8,
    "recall": 0.36363636363636365,
    "f1-score": 0.5,
    "support": 11.0
  },
  "ENTENDANT": {
    "precision": 0.0,
    "recall": 0.0,
    "f1-score": 0.0,
    "support": 11.0
  },
  "FAMILLE": {
    "precision": 0.847457627118644,
    "recall": 0.9259259259259259,
    "f1-score": 0.8849557522123894,
    "support": 54.0
  },
  "FOOTBALL": {
    "precision": 0.5454545454545454,
    "recall": 0.9230769230769231,
    "f1-score": 0.6857142857142857,
    "support": 13.0
  },
  "FROID": {
    "precision": 0.0,
    "recall": 0.0,
    "f1-score": 0.0,
    "support": 13.0
  },
  "GARDIEN DE BUT": {
    "precision": 1.0,
    "recall": 0.8181818181818182,
    "f1-score": 0.9,
    "support": 11.0
  },
  "GUERRE": {
    "precision": 0.5294117647058824,
    "recall": 0.8181818181818182,
    "f1-score": 0.6428571428571429,
    "support": 11.0
  },
  "JUS": {
    "precision": 1.0,
    "recall": 0.7,
    "f1-score": 0.8235294117647058,
    "support": 10.0
  },
  "LION": {
    "precision": 1.0,
    "recall": 1.0,
    "f1-score": 1.0,
    "support": 10.0
  },
  "MAL": {
    "precision": 0.0,
    "recall": 0.0,
    "f1-score": 0.0,
    "support": 11.0
  },
  "MAMAN": {
    "precision": 0.8181818181818182,
    "recall": 0.75,
    "f1-score": 0.782608695652174,
    "support": 12.0
  },
  "MARRON": {
    "precision": 0.5625,
    "recall": 0.9,
    "f1-score": 0.6923076923076923,
    "support": 10.0
  },
  "MENDIANT": {
    "precision": 0.75,
    "recall": 0.5454545454545454,
    "f1-score": 0.631578947368421,
    "support": 11.0
  },
  "MERCI": {
    "precision": 0.48,
    "recall": 1.0,
    "f1-score": 0.6486486486486487,
    "support": 12.0
  },
  "MOTO": {
    "precision": 0.8235294117647058,
    "recall": 1.0,
    "f1-score": 0.9032258064516129,
    "support": 14.0
  },
  "NE PAS SAVOIR": {
    "precision": 0.0,
    "recall": 0.0,
    "f1-score": 0.0,
    "support": 11.0
  },
  "NOIR": {
    "precision": 0.3333333333333333,
    "recall": 0.75,
    "f1-score": 0.46153846153846156,
    "support": 12.0
  },
  "OUBLIER": {
    "precision": 0.0,
    "recall": 0.0,
    "f1-score": 0.0,
    "support": 12.0
  },
  "PAIN": {
    "precision": 0.0,
    "recall": 0.0,
    "f1-score": 0.0,
    "support": 0.0
  },
  "PAPA": {
    "precision": 0.0,
    "recall": 0.0,
    "f1-score": 0.0,
    "support": 15.0
  },
  "PAS": {
    "precision": 0.3,
    "recall": 0.25,
    "f1-score": 0.2727272727272727,
    "support": 12.0
  },
  "PEU IMPORTE": {
    "precision": 0.5238095238095238,
    "recall": 1.0,
    "f1-score": 0.6875,
    "support": 11.0
  },
  "POLICE": {
    "precision": 1.0,
    "recall": 1.0,
    "f1-score": 1.0,
    "support": 11.0
  },
  "POURQUOI": {
    "precision": 0.45454545454545453,
    "recall": 1.0,
    "f1-score": 0.625,
    "support": 10.0
  },
  "PROBL\u00c8ME": {
    "precision": 0.4,
    "recall": 0.7272727272727273,
    "f1-score": 0.5161290322580645,
    "support": 11.0
  },
  "P\u00c8RE NOEL": {
    "precision": 0.7692307692307693,
    "recall": 1.0,
    "f1-score": 0.8695652173913043,
    "support": 10.0
  },
  "RADIO": {
    "precision": 0.0,
    "recall": 0.0,
    "f1-score": 0.0,
    "support": 10.0
  },
  "ROUGE": {
    "precision": 0.5625,
    "recall": 0.9,
    "f1-score": 0.6923076923076923,
    "support": 10.0
  },
  "R\u00c9GION": {
    "precision": 1.0,
    "recall": 1.0,
    "f1-score": 1.0,
    "support": 10.0
  },
  "S'ENTRAINER": {
    "precision": 0.6666666666666666,
    "recall": 1.0,
    "f1-score": 0.8,
    "support": 12.0
  },
  "SAISONS": {
    "precision": 0.0,
    "recall": 0.0,
    "f1-score": 0.0,
    "support": 10.0
  },
  "SE LAVER": {
    "precision": 0.47058823529411764,
    "recall": 0.8,
    "f1-score": 0.5925925925925926,
    "support": 10.0
  },
  "SE MOQUER": {
    "precision": 0.0,
    "recall": 0.0,
    "f1-score": 0.0,
    "support": 10.0
  },
  "SEPT": {
    "precision": 0.5,
    "recall": 1.0,
    "f1-score": 0.6666666666666666,
    "support": 11.0
  },
  "SIGNER MALADROITEMENT": {
    "precision": 0.0,
    "recall": 0.0,
    "f1-score": 0.0,
    "support": 11.0
  },
  "SOURD": {
    "precision": 0.3333333333333333,
    "recall": 0.6428571428571429,
    "f1-score": 0.43902439024390244,
    "support": 14.0
  },
  "TAXI": {
    "precision": 0.5333333333333333,
    "recall": 0.8,
    "f1-score": 0.64,
    "support": 10.0
  },
  "TIGRE": {
    "precision": 0.8571428571428571,
    "recall": 0.46153846153846156,
    "f1-score": 0.6,
    "support": 13.0
  },
  "T\u00caTU": {
    "precision": 0.5625,
    "recall": 0.9,
    "f1-score": 0.6923076923076923,
    "support": 10.0
  },
  "VERT": {
    "precision": 1.0,
    "recall": 0.8181818181818182,
    "f1-score": 0.9,
    "support": 11.0
  },
  "VITE": {
    "precision": 0.4444444444444444,
    "recall": 0.6153846153846154,
    "f1-score": 0.5161290322580645,
    "support": 13.0
  },
  "VOITURE": {
    "precision": 1.0,
    "recall": 0.9,
    "f1-score": 0.9473684210526315,
    "support": 10.0
  },
  "VOL": {
    "precision": 0.7857142857142857,
    "recall": 1.0,
    "f1-score": 0.88,
    "support": 11.0
  },
  "\u00c9COLE": {
    "precision": 0.125,
    "recall": 0.09090909090909091,
    "f1-score": 0.10526315789473684,
    "support": 11.0
  },
  "accuracy": 0.6273584905660378,
  "macro avg": {
    "precision": 0.5246789282072718,
    "recall": 0.5878879968438995,
    "f1-score": 0.5324081845879738,
    "support": 848.0
  },
  "weighted avg": {
    "precision": 0.6157857074119856,
    "recall": 0.6273584905660378,
    "f1-score": 0.5978868785755196,
    "support": 848.0
  }
}